[{"model": "contenttypes.contenttype", "fields": {"app_label": "admin", "model": "logentry"}}, {"model": "contenttypes.contenttype", "fields": {"app_label": "auth", "model": "permission"}}, {"model": "contenttypes.contenttype", "fields": {"app_label": "auth", "model": "group"}}, {"model": "contenttypes.contenttype", "fields": {"app_label": "contenttypes", "model": "contenttype"}}, {"model": "contenttypes.contenttype", "fields": {"app_label": "sessions", "model": "session"}}, {"model": "contenttypes.contenttype", "fields": {"app_label": "citas", "model": "cita"}}, {"model": "contenttypes.contenttype", "fields": {"app_label": "pacientes", "model": "paciente"}}, {"model": "contenttypes.contenttype", "fields": {"app_label": "pacientes", "model": "historialclinico"}}, {"model": "contenttypes.contenttype", "fields": {"app_label": "profesionales", "model": "profesional"}}, {"model": "contenttypes.contenttype", "fields": {"app_label": "profesionales", "model": "especialidad"}}, {"model": "contenttypes.contenttype", "fields": {"app_label": "especialidades", "model": "especialidad"}}, {"model": "contenttypes.contenttype", "fields": {"app_label": "procedimientos", "model": "procedimiento"}}, {"model": "contenttypes.contenttype", "fields": {"app_label": "tratamientos", "model": "detalletratamiento"}}, {"model": "contenttypes.contenttype", "fields": {"app_label": "tratamientos", "model": "tratamiento"}}, {"model": "contenttypes.contenttype", "fields": {"app_label": "pagos_tratamientos", "model": "pagotratamiento"}}, {"model": "contenttypes.contenttype", "fields": {"app_label": "pagos_tratamientos", "model": "historialpago"}}, {"model": "contenttypes.contenttype", "fields": {"app_label": "prevision", "model": "prevision"}}, {"model": "contenttypes.contenttype", "fields": {"app_label": "formas_pago", "model": "formapago"}}, {"model": "contenttypes.contenttype", "fields": {"app_label": "cierres_caja", "model": "cierrecaja"}}, {"model": "contenttypes.contenttype", "fields": {"app_label": "configuracion", "model": "configuracionempresa"}}, {"model": "contenttypes.contenttype", "fields": {"app_label": "configuracion", "model": "preferenciausuario"}}, {"model": "contenttypes.contenttype", "fields": {"app_label": "lab_dental", "model": "laboratorio"}}, {"model": "contenttypes.contenttype", "fields": {"app_label": "lab_dental", "model": "trabajolaboratorio"}}, {"model": "contenttypes.contenttype", "fields": {"app_label": "lab_dental", "model": "seguimientotrabajo"}}, {"model": "contenttypes.contenttype", "fields": {"app_label": "usuarios", "model": "usuario"}}, {"model": "contenttypes.contenttype", "fields": {"app_label": "empresa", "model": "empresa"}}, {"model": "contenttypes.contenttype", "fields": {"app_label": "empresa", "model": "usuarioempresa"}}, {"model": "contenttypes.contenttype", "fields": {"app_label": "tratamientos", "model": "pago"}}, {"model": "contenttypes.contenttype", "fields": {"app_label": "empresa", "model": "sucursal"}}, {"model": "contenttypes.contenttype", "fields": {"app_label": "empresa", "model": "permisousuario"}}, {"model": "sessions.session", "pk": "bf8ywg4nscp9clyat9e5eqyd0q85ekfe", "fields": {"session_data": ".eJxVjs0OwiAQhN-FsyHQH-p69O4zNLuwSP0pDbQn47sLSU30NMnMN5N5iRG3NYxb5jROTpyEFodfj9Deea6Bu-F8jdLGeU0TyYrIPc3yEh0_zjv7NxAwh9LuUXVgPAApIA1tVwRMZ8CyIn0cNGAZI-VN0yMzAmoaGrbYOkee6it-Lokzfm--P8a0PcI:1uQfFh:_zVPnQ0WBzdclqE_qx5UZ2m6faDz4KYXwbUrRqI0fps", "expire_date": "2025-06-29T04:45:53.666Z"}}, {"model": "sessions.session", "pk": "g7v38x92doh7nocwjaudjqpkopnss2ow", "fields": {"session_data": ".eJxVjs0OgjAQhN-lZ9OwtIWuR-8-Q7O7bQV_wFA4Gd9dMBz0Ot_Ml3mpQMvchaWkKfRRHZVRh9-MSW5p2EC80nAZtYzDPPWst4readHnMab7ae_-CToq3bq2TUMI2KCvMkHtSZAsVRINt9Zg9uBahBqcOJcNg0hbewa2Bixng6s0PZ5TKhRI5oXu37fw_gDZGD7h:1uwLyR:spH4UY06K8z-KIHLnTWibF3_yVrgUr5vWPCk_mqXxWA", "expire_date": "2025-09-24T14:39:03.886Z"}}, {"model": "sessions.session", "pk": "jzdp7doivy4bg1wxqik7gv7878e5p3kc", "fields": {"session_data": ".eJxVjjkOwjAURO_iGlnxEi-U9JzBGn_bJCwJipMKcXcSlALaeTNP82IBy9yFpeYp9IkdmWCH3yyCbnnYQLpiuIycxmGe-si3Ct9p5ecx5ftp7_4JOtRuXTtXso-iKEIRAOlUrJYGRkthpNOiAZRqoiNlVbRNS8U5H4v01uu2Nas0P55TrgigecH9-1a8PwwaP0c:1uSdg0:AxPCReoZ1YQD8KiX4Vt3m1QIjfK1111nJsB0secXLzI", "expire_date": "2025-07-04T15:29:12.707Z"}}, {"model": "citas.cita", "pk": 1, "fields": {"paciente": 1, "profesional": 2, "empresa": null, "fecha": "2025-06-19", "hora": "12:30:00", "duracion": 60, "estado": "CANCELADA", "motivo": "", "fecha_registro": "2025-06-15T05:00:28.002Z"}}, {"model": "citas.cita", "pk": 2, "fields": {"paciente": 4, "profesional": 5, "empresa": null, "fecha": "2025-06-20", "hora": "09:00:00", "duracion": 60, "estado": "PENDIENTE", "motivo": "presupuesto", "fecha_registro": "2025-06-19T15:41:12.667Z"}}, {"model": "citas.cita", "pk": 3, "fields": {"paciente": 3, "profesional": 5, "empresa": null, "fecha": "2025-06-20", "hora": "11:00:00", "duracion": 60, "estado": "PENDIENTE", "motivo": "", "fecha_registro": "2025-06-20T02:10:50.530Z"}}, {"model": "citas.cita", "pk": 4, "fields": {"paciente": 4, "profesional": 5, "empresa": null, "fecha": "2025-06-23", "hora": "09:00:00", "duracion": 60, "estado": "PENDIENTE", "motivo": "", "fecha_registro": "2025-06-20T14:52:35.482Z"}}, {"model": "citas.cita", "pk": 5, "fields": {"paciente": 1, "profesional": 5, "empresa": null, "fecha": "2025-09-10", "hora": "10:00:00", "duracion": 60, "estado": "PENDIENTE", "motivo": "Diagnostico", "fecha_registro": "2025-09-10T15:00:58.375Z"}}, {"model": "pacientes.paciente", "pk": 1, "fields": {"nombre": "ANA", "apellidos": "MART═NEZ LËPEZ", "documento": "45678901-2", "genero": "M", "fecha_nacimiento": "1990-05-15", "telefono": "+56945678901", "email": "ana.martinez@email.com", "direccion": "Av. Principal 123, Santiago", "comuna": "EL BOSQUE", "ciudad": "SA", "fecha_registro": "2025-06-15T04:59:48.476Z", "activo": true, "prevision": 2, "empresa": 1, "compartir_entre_sucursales": false, "empresas_compartidas": []}}, {"model": "pacientes.paciente", "pk": 2, "fields": {"nombre": "PEDRO", "apellidos": "S┴NCHEZ D═AZ", "documento": "56789012-3", "genero": null, "fecha_nacimiento": "1985-08-20", "telefono": "+56956789012", "email": "pedro.sanchez@email.com", "direccion": "Calle Secundaria 456, Santiago", "comuna": null, "ciudad": null, "fecha_registro": "2025-06-15T22:12:40.383Z", "activo": true, "prevision": 3, "empresa": 1, "compartir_entre_sucursales": false, "empresas_compartidas": []}}, {"model": "pacientes.paciente", "pk": 3, "fields": {"nombre": "LAURA", "apellidos": "TORRES RAM═REZ", "documento": "67890123-4", "genero": null, "fecha_nacimiento": "1995-03-10", "telefono": "+56967890123", "email": "laura.torres@email.com", "direccion": "Pasaje 789, Santiago", "comuna": null, "ciudad": null, "fecha_registro": "2025-06-15T22:18:21.679Z", "activo": true, "prevision": 2, "empresa": 1, "compartir_entre_sucursales": false, "empresas_compartidas": []}}, {"model": "pacientes.paciente", "pk": 4, "fields": {"nombre": "MIGUEL", "apellidos": "ROJAS P╔REZ", "documento": "90123456-7", "genero": null, "fecha_nacimiento": "1988-11-25", "telefono": "+56990123456", "email": "miguel.rojas@email.com", "direccion": "Av. Los Leones 1234, Santiago", "comuna": null, "ciudad": null, "fecha_registro": "2025-06-15T22:55:18.994Z", "activo": true, "prevision": 3, "empresa": 1, "compartir_entre_sucursales": false, "empresas_compartidas": []}}, {"model": "pacientes.paciente", "pk": 5, "fields": {"nombre": "CAROLINA", "apellidos": "VARGAS MORALES", "documento": "01234567-8", "genero": null, "fecha_nacimiento": "1992-07-30", "telefono": "+56901234567", "email": "carolina.vargas@email.com", "direccion": "Calle Nueva 567, Santiago", "comuna": null, "ciudad": null, "fecha_registro": "2025-06-17T00:15:22.867Z", "activo": true, "prevision": 2, "empresa": 1, "compartir_entre_sucursales": false, "empresas_compartidas": []}}, {"model": "pacientes.historialclinico", "pk": 1, "fields": {"paciente": 3, "fecha": "2025-06-16", "tipo": "examen", "descripcion": "asdaeda", "observaciones": "adad", "profesional": 3, "archivo": ""}}, {"model": "especialidades.especialidad", "pk": 1, "fields": {"nombre": "OdontologÝa General", "descripcion": "Tratamientos dentales bßsicos y preventivos", "estado": true, "fecha_registro": "2025-06-15T04:49:07.260Z"}}, {"model": "especialidades.especialidad", "pk": 2, "fields": {"nombre": "Ortodoncia", "descripcion": "Correcci¾n de la posici¾n de los dientes", "estado": true, "fecha_registro": "2025-06-17T00:15:22.753Z"}}, {"model": "especialidades.especialidad", "pk": 3, "fields": {"nombre": "Endodoncia", "descripcion": "Tratamiento de conductos radiculares", "estado": true, "fecha_registro": "2025-06-17T00:15:22.757Z"}}, {"model": "especialidades.especialidad", "pk": 4, "fields": {"nombre": "Periodoncia", "descripcion": "Tratamiento de las encÝas y tejidos de soporte", "estado": true, "fecha_registro": "2025-06-17T00:15:22.759Z"}}, {"model": "especialidades.especialidad", "pk": 5, "fields": {"nombre": "ImplantologÝa", "descripcion": "Colocaci¾n de implantes dentales", "estado": true, "fecha_registro": "2025-06-17T00:15:22.767Z"}}, {"model": "especialidades.especialidad", "pk": 6, "fields": {"nombre": "EstÚtica Dental", "descripcion": "Tratamientos para mejorar la apariencia dental", "estado": true, "fecha_registro": "2025-06-17T00:15:22.840Z"}}, {"model": "especialidades.especialidad", "pk": 7, "fields": {"nombre": "CirugÝa Oral", "descripcion": "Procedimientos quir·rgicos en la cavidad oral", "estado": true, "fecha_registro": "2025-06-17T00:15:22.840Z"}}, {"model": "procedimientos.procedimiento", "pk": 1, "fields": {"nombre": "Limpieza Dental", "descripcion": "Limpieza profesional y eliminaci¾n de sarro", "valor": "45000.00", "tiempo_estimado": 60, "estado": true, "especialidad": 1, "created_at": "2025-06-17T00:15:22.871Z", "updated_at": "2025-06-18T21:50:29.423Z"}}, {"model": "procedimientos.procedimiento", "pk": 2, "fields": {"nombre": "Brackets Metßlicos", "descripcion": "Instalaci¾n de brackets metßlicos", "valor": "1200000.00", "tiempo_estimado": 120, "estado": true, "especialidad": 2, "created_at": "2025-06-17T00:15:22.871Z", "updated_at": "2025-06-17T00:15:22.871Z"}}, {"model": "procedimientos.procedimiento", "pk": 3, "fields": {"nombre": "Tratamiento de Conducto", "descripcion": "Endodoncia completa", "valor": "180000.00", "tiempo_estimado": 90, "estado": true, "especialidad": 3, "created_at": "2025-06-17T00:15:22.882Z", "updated_at": "2025-06-17T00:15:22.882Z"}}, {"model": "procedimientos.procedimiento", "pk": 4, "fields": {"nombre": "Limpieza Profunda", "descripcion": "Tratamiento periodontal completo", "valor": "150000.00", "tiempo_estimado": 120, "estado": true, "especialidad": 4, "created_at": "2025-06-17T00:15:22.884Z", "updated_at": "2025-06-17T00:15:22.884Z"}}, {"model": "procedimientos.procedimiento", "pk": 5, "fields": {"nombre": "Implante Dental", "descripcion": "Colocaci¾n de implante dental", "valor": "800000.00", "tiempo_estimado": 180, "estado": true, "especialidad": 5, "created_at": "2025-06-17T00:15:22.886Z", "updated_at": "2025-06-17T00:15:22.886Z"}}, {"model": "tratamientos.detalletratamiento", "pk": 1, "fields": {"tratamiento": 1, "procedimiento": 2, "profesional": 1, "cantidad": 1, "descuento": "0.00", "notas": "", "fecha_creacion": "2025-06-17T01:20:55.646Z", "fecha_actualizacion": "2025-06-17T01:20:55.646Z"}}, {"model": "prevision.prevision", "pk": 2, "fields": {"nombre": "FONASA", "descripcion": "", "estado": true, "created_at": "2025-06-17T00:11:08.240Z", "updated_at": "2025-06-19T00:22:39.543Z"}}, {"model": "prevision.prevision", "pk": 3, "fields": {"nombre": "ISAPRE", "descripcion": "", "estado": true, "created_at": "2025-06-17T00:11:08.271Z", "updated_at": "2025-06-19T00:26:06.357Z"}}, {"model": "formas_pago.formapago", "pk": 1, "fields": {"nombre": "EFECTIVO", "descripcion": "", "estado": true, "created_at": "2025-06-16T18:46:06.857Z", "updated_at": "2025-06-16T18:46:06.857Z"}}, {"model": "formas_pago.formapago", "pk": 2, "fields": {"nombre": "TARJETA DEBITO", "descripcion": "", "estado": true, "created_at": "2025-06-16T18:46:17.488Z", "updated_at": "2025-06-16T18:46:17.488Z"}}, {"model": "formas_pago.formapago", "pk": 3, "fields": {"nombre": "TARJETA CREDITO", "descripcion": "", "estado": true, "created_at": "2025-06-16T18:46:25.372Z", "updated_at": "2025-06-16T18:46:25.372Z"}}, {"model": "formas_pago.formapago", "pk": 4, "fields": {"nombre": "TRANSFERENCIA", "descripcion": "", "estado": true, "created_at": "2025-06-16T18:46:32.530Z", "updated_at": "2025-06-16T18:46:32.530Z"}}, {"model": "configuracion.configuracionempresa", "pk": 1, "fields": {"nombre": "KREASOFT SPA", "rut": "11.314.755-5", "direccion": "LOS TULIPANES 0199\r\nEL BOSQUE", "telefono": "5963697225", "email": "kreasoft@gmail.com", "sitio_web": "http://www.kreasoft.cl", "logo": "logos/logo_pie_5y0Ns5l.png", "horario_atencion": "", "descripcion": "", "terminos_condiciones": "", "politica_privacidad": "", "redes_sociales": {}, "created_at": "2025-06-15T23:54:24.948Z", "updated_at": "2025-06-20T00:13:33.150Z"}}, {"model": "empresa.empresa", "pk": 1, "fields": {"razon_social": "SOCIEDAD INFORMATICA KREASOFT PA", "nombre_fantasia": "CLINICA DENTAL SPA", "rut": "TEMP-RUT-00000000", "direccion": "Victor Plaza Mayorga 887 El Bosque, Santiago", "telefono": "+56 9 63697225", "email": "kreasoft@gmail.com", "sitio_web": null, "logo": "empresas/logos/logo_pie.png", "activa": true, "created_at": "2025-06-15T04:11:09.448Z", "updated_at": "2025-06-16T00:16:01.746Z"}}, {"model": "empresa.sucursal", "pk": 1, "fields": {"empresa": 1, "nombre": "La Cisterna", "direccion": "Gran Avenida 1028", "telefono": "+56 2 63566352", "email": "lacisterna@dentali.cl", "horario_apertura": "09:00:00", "horario_cierre": "19:00:00", "activa": true, "es_principal": false, "created_at": "2025-06-19T18:58:40.486Z", "updated_at": "2025-06-19T18:58:48.935Z"}}, {"model": "auth.permission", "fields": {"name": "Can add log entry", "content_type": ["admin", "logentry"], "codename": "add_logentry"}}, {"model": "auth.permission", "fields": {"name": "Can change log entry", "content_type": ["admin", "logentry"], "codename": "change_logentry"}}, {"model": "auth.permission", "fields": {"name": "Can delete log entry", "content_type": ["admin", "logentry"], "codename": "delete_logentry"}}, {"model": "auth.permission", "fields": {"name": "Can view log entry", "content_type": ["admin", "logentry"], "codename": "view_logentry"}}, {"model": "auth.permission", "fields": {"name": "Can add permission", "content_type": ["auth", "permission"], "codename": "add_permission"}}, {"model": "auth.permission", "fields": {"name": "Can change permission", "content_type": ["auth", "permission"], "codename": "change_permission"}}, {"model": "auth.permission", "fields": {"name": "Can delete permission", "content_type": ["auth", "permission"], "codename": "delete_permission"}}, {"model": "auth.permission", "fields": {"name": "Can view permission", "content_type": ["auth", "permission"], "codename": "view_permission"}}, {"model": "auth.permission", "fields": {"name": "Can add group", "content_type": ["auth", "group"], "codename": "add_group"}}, {"model": "auth.permission", "fields": {"name": "Can change group", "content_type": ["auth", "group"], "codename": "change_group"}}, {"model": "auth.permission", "fields": {"name": "Can delete group", "content_type": ["auth", "group"], "codename": "delete_group"}}, {"model": "auth.permission", "fields": {"name": "Can view group", "content_type": ["auth", "group"], "codename": "view_group"}}, {"model": "auth.permission", "fields": {"name": "Can add content type", "content_type": ["contenttypes", "contenttype"], "codename": "add_contenttype"}}, {"model": "auth.permission", "fields": {"name": "Can change content type", "content_type": ["contenttypes", "contenttype"], "codename": "change_contenttype"}}, {"model": "auth.permission", "fields": {"name": "Can delete content type", "content_type": ["contenttypes", "contenttype"], "codename": "delete_contenttype"}}, {"model": "auth.permission", "fields": {"name": "Can view content type", "content_type": ["contenttypes", "contenttype"], "codename": "view_contenttype"}}, {"model": "auth.permission", "fields": {"name": "Can add session", "content_type": ["sessions", "session"], "codename": "add_session"}}, {"model": "auth.permission", "fields": {"name": "Can change session", "content_type": ["sessions", "session"], "codename": "change_session"}}, {"model": "auth.permission", "fields": {"name": "Can delete session", "content_type": ["sessions", "session"], "codename": "delete_session"}}, {"model": "auth.permission", "fields": {"name": "Can view session", "content_type": ["sessions", "session"], "codename": "view_session"}}, {"model": "auth.permission", "fields": {"name": "Can add cita", "content_type": ["citas", "cita"], "codename": "add_cita"}}, {"model": "auth.permission", "fields": {"name": "Can change cita", "content_type": ["citas", "cita"], "codename": "change_cita"}}, {"model": "auth.permission", "fields": {"name": "Can delete cita", "content_type": ["citas", "cita"], "codename": "delete_cita"}}, {"model": "auth.permission", "fields": {"name": "Can view cita", "content_type": ["citas", "cita"], "codename": "view_cita"}}, {"model": "auth.permission", "fields": {"name": "Can add Paciente", "content_type": ["pacientes", "paciente"], "codename": "add_paciente"}}, {"model": "auth.permission", "fields": {"name": "Can change Paciente", "content_type": ["pacientes", "paciente"], "codename": "change_paciente"}}, {"model": "auth.permission", "fields": {"name": "Can delete Paciente", "content_type": ["pacientes", "paciente"], "codename": "delete_paciente"}}, {"model": "auth.permission", "fields": {"name": "Can view Paciente", "content_type": ["pacientes", "paciente"], "codename": "view_paciente"}}, {"model": "auth.permission", "fields": {"name": "Can add Historial ClÝnico", "content_type": ["pacientes", "historialclinico"], "codename": "add_historialclinico"}}, {"model": "auth.permission", "fields": {"name": "Can change Historial ClÝnico", "content_type": ["pacientes", "historialclinico"], "codename": "change_historialclinico"}}, {"model": "auth.permission", "fields": {"name": "Can delete Historial ClÝnico", "content_type": ["pacientes", "historialclinico"], "codename": "delete_historialclinico"}}, {"model": "auth.permission", "fields": {"name": "Can view Historial ClÝnico", "content_type": ["pacientes", "historialclinico"], "codename": "view_historialclinico"}}, {"model": "auth.permission", "fields": {"name": "Can add Profesional", "content_type": ["profesionales", "profesional"], "codename": "add_profesional"}}, {"model": "auth.permission", "fields": {"name": "Can change Profesional", "content_type": ["profesionales", "profesional"], "codename": "change_profesional"}}, {"model": "auth.permission", "fields": {"name": "Can delete Profesional", "content_type": ["profesionales", "profesional"], "codename": "delete_profesional"}}, {"model": "auth.permission", "fields": {"name": "Can view Profesional", "content_type": ["profesionales", "profesional"], "codename": "view_profesional"}}, {"model": "auth.permission", "fields": {"name": "Can add especialidad", "content_type": ["profesionales", "especialidad"], "codename": "add_especialidad"}}, {"model": "auth.permission", "fields": {"name": "Can change especialidad", "content_type": ["profesionales", "especialidad"], "codename": "change_especialidad"}}, {"model": "auth.permission", "fields": {"name": "Can delete especialidad", "content_type": ["profesionales", "especialidad"], "codename": "delete_especialidad"}}, {"model": "auth.permission", "fields": {"name": "Can view especialidad", "content_type": ["profesionales", "especialidad"], "codename": "view_especialidad"}}, {"model": "auth.permission", "fields": {"name": "Can add Especialidad", "content_type": ["especialidades", "especialidad"], "codename": "add_especialidad"}}, {"model": "auth.permission", "fields": {"name": "Can change Especialidad", "content_type": ["especialidades", "especialidad"], "codename": "change_especialidad"}}, {"model": "auth.permission", "fields": {"name": "Can delete Especialidad", "content_type": ["especialidades", "especialidad"], "codename": "delete_especialidad"}}, {"model": "auth.permission", "fields": {"name": "Can view Especialidad", "content_type": ["especialidades", "especialidad"], "codename": "view_especialidad"}}, {"model": "auth.permission", "fields": {"name": "Can add Procedimiento", "content_type": ["procedimientos", "procedimiento"], "codename": "add_procedimiento"}}, {"model": "auth.permission", "fields": {"name": "Can change Procedimiento", "content_type": ["procedimientos", "procedimiento"], "codename": "change_procedimiento"}}, {"model": "auth.permission", "fields": {"name": "Can delete Procedimiento", "content_type": ["procedimientos", "procedimiento"], "codename": "delete_procedimiento"}}, {"model": "auth.permission", "fields": {"name": "Can view Procedimiento", "content_type": ["procedimientos", "procedimiento"], "codename": "view_procedimiento"}}, {"model": "auth.permission", "fields": {"name": "Can add Detalle de Tratamiento", "content_type": ["tratamientos", "detalletratamiento"], "codename": "add_detalletratamiento"}}, {"model": "auth.permission", "fields": {"name": "Can change Detalle de Tratamiento", "content_type": ["tratamientos", "detalletratamiento"], "codename": "change_detalletratamiento"}}, {"model": "auth.permission", "fields": {"name": "Can delete Detalle de Tratamiento", "content_type": ["tratamientos", "detalletratamiento"], "codename": "delete_detalletratamiento"}}, {"model": "auth.permission", "fields": {"name": "Can view Detalle de Tratamiento", "content_type": ["tratamientos", "detalletratamiento"], "codename": "view_detalletratamiento"}}, {"model": "auth.permission", "fields": {"name": "Can add Tratamiento", "content_type": ["tratamientos", "tratamiento"], "codename": "add_tratamiento"}}, {"model": "auth.permission", "fields": {"name": "Can change Tratamiento", "content_type": ["tratamientos", "tratamiento"], "codename": "change_tratamiento"}}, {"model": "auth.permission", "fields": {"name": "Can delete Tratamiento", "content_type": ["tratamientos", "tratamiento"], "codename": "delete_tratamiento"}}, {"model": "auth.permission", "fields": {"name": "Can view Tratamiento", "content_type": ["tratamientos", "tratamiento"], "codename": "view_tratamiento"}}, {"model": "auth.permission", "fields": {"name": "Can add Pago de Tratamiento", "content_type": ["pagos_tratamientos", "pagotratamiento"], "codename": "add_pagotratamiento"}}, {"model": "auth.permission", "fields": {"name": "Can change Pago de Tratamiento", "content_type": ["pagos_tratamientos", "pagotratamiento"], "codename": "change_pagotratamiento"}}, {"model": "auth.permission", "fields": {"name": "Can delete Pago de Tratamiento", "content_type": ["pagos_tratamientos", "pagotratamiento"], "codename": "delete_pagotratamiento"}}, {"model": "auth.permission", "fields": {"name": "Can view Pago de Tratamiento", "content_type": ["pagos_tratamientos", "pagotratamiento"], "codename": "view_pagotratamiento"}}, {"model": "auth.permission", "fields": {"name": "Can add Historial de Pago", "content_type": ["pagos_tratamientos", "historialpago"], "codename": "add_historialpago"}}, {"model": "auth.permission", "fields": {"name": "Can change Historial de Pago", "content_type": ["pagos_tratamientos", "historialpago"], "codename": "change_historialpago"}}, {"model": "auth.permission", "fields": {"name": "Can delete Historial de Pago", "content_type": ["pagos_tratamientos", "historialpago"], "codename": "delete_historialpago"}}, {"model": "auth.permission", "fields": {"name": "Can view Historial de Pago", "content_type": ["pagos_tratamientos", "historialpago"], "codename": "view_historialpago"}}, {"model": "auth.permission", "fields": {"name": "Can add Prevision", "content_type": ["prevision", "prevision"], "codename": "add_prevision"}}, {"model": "auth.permission", "fields": {"name": "Can change Prevision", "content_type": ["prevision", "prevision"], "codename": "change_prevision"}}, {"model": "auth.permission", "fields": {"name": "Can delete Prevision", "content_type": ["prevision", "prevision"], "codename": "delete_prevision"}}, {"model": "auth.permission", "fields": {"name": "Can view Prevision", "content_type": ["prevision", "prevision"], "codename": "view_prevision"}}, {"model": "auth.permission", "fields": {"name": "Can add Forma de Pago", "content_type": ["formas_pago", "formapago"], "codename": "add_formapago"}}, {"model": "auth.permission", "fields": {"name": "Can change Forma de Pago", "content_type": ["formas_pago", "formapago"], "codename": "change_formapago"}}, {"model": "auth.permission", "fields": {"name": "Can delete Forma de Pago", "content_type": ["formas_pago", "formapago"], "codename": "delete_formapago"}}, {"model": "auth.permission", "fields": {"name": "Can view Forma de Pago", "content_type": ["formas_pago", "formapago"], "codename": "view_formapago"}}, {"model": "auth.permission", "fields": {"name": "Can add Cierre de Caja", "content_type": ["cierres_caja", "cierrecaja"], "codename": "add_cierrecaja"}}, {"model": "auth.permission", "fields": {"name": "Can change Cierre de Caja", "content_type": ["cierres_caja", "cierrecaja"], "codename": "change_cierrecaja"}}, {"model": "auth.permission", "fields": {"name": "Can delete Cierre de Caja", "content_type": ["cierres_caja", "cierrecaja"], "codename": "delete_cierrecaja"}}, {"model": "auth.permission", "fields": {"name": "Can view Cierre de Caja", "content_type": ["cierres_caja", "cierrecaja"], "codename": "view_cierrecaja"}}, {"model": "auth.permission", "fields": {"name": "Can add Configuraci¾n de Empresa", "content_type": ["configuracion", "configuracionempresa"], "codename": "add_configuracionempresa"}}, {"model": "auth.permission", "fields": {"name": "Can change Configuraci¾n de Empresa", "content_type": ["configuracion", "configuracionempresa"], "codename": "change_configuracionempresa"}}, {"model": "auth.permission", "fields": {"name": "Can delete Configuraci¾n de Empresa", "content_type": ["configuracion", "configuracionempresa"], "codename": "delete_configuracionempresa"}}, {"model": "auth.permission", "fields": {"name": "Can view Configuraci¾n de Empresa", "content_type": ["configuracion", "configuracionempresa"], "codename": "view_configuracionempresa"}}, {"model": "auth.permission", "fields": {"name": "Can add Preferencia de Usuario", "content_type": ["configuracion", "preferenciausuario"], "codename": "add_preferenciausuario"}}, {"model": "auth.permission", "fields": {"name": "Can change Preferencia de Usuario", "content_type": ["configuracion", "preferenciausuario"], "codename": "change_preferenciausuario"}}, {"model": "auth.permission", "fields": {"name": "Can delete Preferencia de Usuario", "content_type": ["configuracion", "preferenciausuario"], "codename": "delete_preferenciausuario"}}, {"model": "auth.permission", "fields": {"name": "Can view Preferencia de Usuario", "content_type": ["configuracion", "preferenciausuario"], "codename": "view_preferenciausuario"}}, {"model": "auth.permission", "fields": {"name": "Can add Laboratorio", "content_type": ["lab_dental", "laboratorio"], "codename": "add_laboratorio"}}, {"model": "auth.permission", "fields": {"name": "Can change Laboratorio", "content_type": ["lab_dental", "laboratorio"], "codename": "change_laboratorio"}}, {"model": "auth.permission", "fields": {"name": "Can delete Laboratorio", "content_type": ["lab_dental", "laboratorio"], "codename": "delete_laboratorio"}}, {"model": "auth.permission", "fields": {"name": "Can view Laboratorio", "content_type": ["lab_dental", "laboratorio"], "codename": "view_laboratorio"}}, {"model": "auth.permission", "fields": {"name": "Can add Trabajo de Laboratorio", "content_type": ["lab_dental", "trabajolaboratorio"], "codename": "add_trabajolaboratorio"}}, {"model": "auth.permission", "fields": {"name": "Can change Trabajo de Laboratorio", "content_type": ["lab_dental", "trabajolaboratorio"], "codename": "change_trabajolaboratorio"}}, {"model": "auth.permission", "fields": {"name": "Can delete Trabajo de Laboratorio", "content_type": ["lab_dental", "trabajolaboratorio"], "codename": "delete_trabajolaboratorio"}}, {"model": "auth.permission", "fields": {"name": "Can view Trabajo de Laboratorio", "content_type": ["lab_dental", "trabajolaboratorio"], "codename": "view_trabajolaboratorio"}}, {"model": "auth.permission", "fields": {"name": "Can add Seguimiento de Trabajo", "content_type": ["lab_dental", "seguimientotrabajo"], "codename": "add_seguimientotrabajo"}}, {"model": "auth.permission", "fields": {"name": "Can change Seguimiento de Trabajo", "content_type": ["lab_dental", "seguimientotrabajo"], "codename": "change_seguimientotrabajo"}}, {"model": "auth.permission", "fields": {"name": "Can delete Seguimiento de Trabajo", "content_type": ["lab_dental", "seguimientotrabajo"], "codename": "delete_seguimientotrabajo"}}, {"model": "auth.permission", "fields": {"name": "Can view Seguimiento de Trabajo", "content_type": ["lab_dental", "seguimientotrabajo"], "codename": "view_seguimientotrabajo"}}, {"model": "auth.permission", "fields": {"name": "Can add usuario", "content_type": ["usuarios", "usuario"], "codename": "add_usuario"}}, {"model": "auth.permission", "fields": {"name": "Can change usuario", "content_type": ["usuarios", "usuario"], "codename": "change_usuario"}}, {"model": "auth.permission", "fields": {"name": "Can delete usuario", "content_type": ["usuarios", "usuario"], "codename": "delete_usuario"}}, {"model": "auth.permission", "fields": {"name": "Can view usuario", "content_type": ["usuarios", "usuario"], "codename": "view_usuario"}}, {"model": "auth.permission", "fields": {"name": "Can add Empresa", "content_type": ["empresa", "empresa"], "codename": "add_empresa"}}, {"model": "auth.permission", "fields": {"name": "Can change Empresa", "content_type": ["empresa", "empresa"], "codename": "change_empresa"}}, {"model": "auth.permission", "fields": {"name": "Can delete Empresa", "content_type": ["empresa", "empresa"], "codename": "delete_empresa"}}, {"model": "auth.permission", "fields": {"name": "Can view Empresa", "content_type": ["empresa", "empresa"], "codename": "view_empresa"}}, {"model": "auth.permission", "fields": {"name": "Can add Usuario de Empresa", "content_type": ["empresa", "usuarioempresa"], "codename": "add_usuarioempresa"}}, {"model": "auth.permission", "fields": {"name": "Can change Usuario de Empresa", "content_type": ["empresa", "usuarioempresa"], "codename": "change_usuarioempresa"}}, {"model": "auth.permission", "fields": {"name": "Can delete Usuario de Empresa", "content_type": ["empresa", "usuarioempresa"], "codename": "delete_usuarioempresa"}}, {"model": "auth.permission", "fields": {"name": "Can view Usuario de Empresa", "content_type": ["empresa", "usuarioempresa"], "codename": "view_usuarioempresa"}}, {"model": "auth.permission", "fields": {"name": "Can add Pago", "content_type": ["tratamientos", "pago"], "codename": "add_pago"}}, {"model": "auth.permission", "fields": {"name": "Can change Pago", "content_type": ["tratamientos", "pago"], "codename": "change_pago"}}, {"model": "auth.permission", "fields": {"name": "Can delete Pago", "content_type": ["tratamientos", "pago"], "codename": "delete_pago"}}, {"model": "auth.permission", "fields": {"name": "Can view Pago", "content_type": ["tratamientos", "pago"], "codename": "view_pago"}}, {"model": "auth.permission", "fields": {"name": "Can add Sucursal", "content_type": ["empresa", "sucursal"], "codename": "add_sucursal"}}, {"model": "auth.permission", "fields": {"name": "Can change Sucursal", "content_type": ["empresa", "sucursal"], "codename": "change_sucursal"}}, {"model": "auth.permission", "fields": {"name": "Can delete Sucursal", "content_type": ["empresa", "sucursal"], "codename": "delete_sucursal"}}, {"model": "auth.permission", "fields": {"name": "Can view Sucursal", "content_type": ["empresa", "sucursal"], "codename": "view_sucursal"}}, {"model": "auth.permission", "fields": {"name": "Can add Permiso Usuario", "content_type": ["empresa", "permisousuario"], "codename": "add_permisousuario"}}, {"model": "auth.permission", "fields": {"name": "Can change Permiso Usuario", "content_type": ["empresa", "permisousuario"], "codename": "change_permisousuario"}}, {"model": "auth.permission", "fields": {"name": "Can delete Permiso Usuario", "content_type": ["empresa", "permisousuario"], "codename": "delete_permisousuario"}}, {"model": "auth.permission", "fields": {"name": "Can view Permiso Usuario", "content_type": ["empresa", "permisousuario"], "codename": "view_permisousuario"}}, {"model": "usuarios.usuario", "fields": {"password": "pbkdf2_sha256$870000$nvvkeNolQRKQeY5Dz4aHVG$VXm1eiufIjDkD/4ex/hnRYjjJoW4Se4gMKeod6C7WDM=", "last_login": "2025-06-20T15:29:12.685Z", "is_superuser": true, "first_name": "Ricardo", "last_name": "Gonzßlez Gaete", "is_staff": true, "is_active": true, "date_joined": "2025-06-15T04:03:30.200Z", "email": "kreasoft@gmail.com", "telefono": "5963697225", "avatar": "avatars/kreasoft_logo.png", "fecha_nacimiento": null, "direccion": "LOS TULIPANES 0199\r\nEL BOSQUE", "ciudad": "SANTIAGO", "pais": "Chile", "codigo_postal": "", "groups": [], "user_permissions": []}}, {"model": "usuarios.usuario", "fields": {"password": "pbkdf2_sha256$870000$DrwciGawwszjvgCopuXeEm$PMeqb7D9px3z5RVNizj+pTBkaS1eoBCbSlSnlXu/ieg=", "last_login": "2025-06-20T00:11:36.439Z", "is_superuser": false, "first_name": "", "last_name": "", "is_staff": false, "is_active": true, "date_joined": "2025-06-19T22:05:08.995Z", "email": "karla@gmail.com", "telefono": "", "avatar": "", "fecha_nacimiento": null, "direccion": "", "ciudad": "", "pais": "", "codigo_postal": "", "groups": [], "user_permissions": []}}, {"model": "usuarios.usuario", "fields": {"password": "pbkdf2_sha256$870000$SianMIg92mcNrI9fPYu22P$Z5QTEbsKmD1RiOdhaMpVOeX87Xcn/dZgCcp00nH4xU8=", "last_login": "2025-09-10T14:39:03.777Z", "is_superuser": true, "first_name": "", "last_name": "", "is_staff": true, "is_active": true, "date_joined": "2025-09-10T14:38:43.526Z", "email": "krea@gmail.com", "telefono": "", "avatar": "", "fecha_nacimiento": null, "direccion": "", "ciudad": "", "pais": "", "codigo_postal": "", "groups": [], "user_permissions": []}}, {"model": "empresa.usuarioempresa", "pk": 1, "fields": {"usuario": ["kreasoft@gmail.com"], "empresa": 1, "sucursal": 1, "tipo_usuario": "admin_empresa", "activo": true, "fecha_inicio": "2025-06-19", "fecha_fin": "2025-12-31", "created_at": "2025-06-15T04:11:09.483Z", "updated_at": "2025-06-20T00:12:28.686Z"}}, {"model": "empresa.usuarioempresa", "pk": 2, "fields": {"usuario": ["karla@gmail.com"], "empresa": 1, "sucursal": 1, "tipo_usuario": "admin_empresa", "activo": true, "fecha_inicio": "2025-01-01", "fecha_fin": "2025-12-31", "created_at": "2025-06-19T22:05:09.668Z", "updated_at": "2025-06-20T01:58:23.614Z"}}, {"model": "empresa.usuarioempresa", "pk": 3, "fields": {"usuario": ["krea@gmail.com"], "empresa": 1, "sucursal": null, "tipo_usuario": "profesional", "activo": true, "fecha_inicio": "2025-09-10", "fecha_fin": null, "created_at": "2025-09-10T14:39:03.836Z", "updated_at": "2025-09-10T14:39:03.836Z"}}, {"model": "lab_dental.seguimientotrabajo", "pk": 1, "fields": {"trabajo": 1, "estado": "PENDIENTE", "notas": "Trabajo creado", "creado_por": ["kreasoft@gmail.com"], "fecha_creacion": "2025-06-16T20:59:20.572Z"}}, {"model": "lab_dental.seguimientotrabajo", "pk": 2, "fields": {"trabajo": 1, "estado": "EN_PROCESO", "notas": "ya esta en proceso de fabricac¾n", "creado_por": ["kreasoft@gmail.com"], "fecha_creacion": "2025-06-16T21:07:45.175Z"}}, {"model": "lab_dental.seguimientotrabajo", "pk": 3, "fields": {"trabajo": 1, "estado": "LISTO", "notas": "aa", "creado_por": ["kreasoft@gmail.com"], "fecha_creacion": "2025-06-20T01:50:50.498Z"}}, {"model": "lab_dental.seguimientotrabajo", "pk": 4, "fields": {"trabajo": 1, "estado": "RECIBIDO", "notas": "llrga a la oficina lo recibe Carmen", "creado_por": ["kreasoft@gmail.com"], "fecha_creacion": "2025-06-20T14:56:40.241Z"}}, {"model": "lab_dental.trabajolaboratorio", "pk": 1, "fields": {"laboratorio": 1, "paciente": 2, "profesional": 1, "tipo_trabajo": "CORONA", "descripcion": "Corona solicita por cliente", "estado": "RECIBIDO", "fecha_envio": "2025-06-01", "fecha_estimada_entrega": "2025-06-16", "fecha_recepcion": null, "notas": "", "costo": "115000.00", "creado_por": ["kreasoft@gmail.com"], "fecha_creacion": "2025-06-16T20:59:20.555Z", "fecha_actualizacion": "2025-06-20T14:56:40.264Z"}}, {"model": "lab_dental.laboratorio", "pk": 1, "fields": {"nombre": "laboratorio de prueba 1", "contacto": "JOSE LUIS PAVEZ", "telefono": "5963697225", "email": "kreasoft@gmail.com", "direccion": "LOS TULIPANES 0199\r\nEL BOSQUE", "activo": true, "creado_por": ["kreasoft@gmail.com"], "fecha_creacion": "2025-06-16T19:25:56.441Z", "fecha_actualizacion": "2025-06-16T19:25:56.441Z"}}, {"model": "configuracion.preferenciausuario", "pk": 1, "fields": {"usuario": ["kreasoft@gmail.com"], "fuente": "Poppins", "created_at": "2025-06-15T22:02:36.782Z", "updated_at": "2025-06-15T22:02:54.168Z"}}, {"model": "cierres_caja.cierrecaja", "pk": 1, "fields": {"fecha": "2025-06-17", "hora_apertura": "16:50:30.763", "hora_cierre": "01:06:53.878", "monto_inicial": "25000.00", "monto_final": null, "total_efectivo": "0.00", "total_tarjeta": "0.00", "total_transferencia": "0.00", "diferencia": "0.00", "observaciones": "", "usuario_apertura": ["kreasoft@gmail.com"], "usuario_cierre": ["kreasoft@gmail.com"], "estado": "CERRADO", "pagos": []}}, {"model": "cierres_caja.cierrecaja", "pk": 2, "fields": {"fecha": "2025-06-17", "hora_apertura": "21:07:40.566", "hora_cierre": "16:28:04.594", "monto_inicial": "35000.00", "monto_final": null, "total_efectivo": "0.00", "total_tarjeta": "0.00", "total_transferencia": "0.00", "diferencia": "0.00", "observaciones": "", "usuario_apertura": ["kreasoft@gmail.com"], "usuario_cierre": ["kreasoft@gmail.com"], "estado": "CERRADO", "pagos": []}}, {"model": "cierres_caja.cierrecaja", "pk": 3, "fields": {"fecha": "2025-06-18", "hora_apertura": "12:28:22.058", "hora_cierre": "14:54:44.672", "monto_inicial": "35000.00", "monto_final": "1035000.00", "total_efectivo": "1000000.00", "total_tarjeta": "0.00", "total_transferencia": "0.00", "diferencia": "0.00", "observaciones": "", "usuario_apertura": ["kreasoft@gmail.com"], "usuario_cierre": ["kreasoft@gmail.com"], "estado": "CERRADO", "pagos": [1]}}, {"model": "pagos_tratamientos.historialpago", "pk": 1, "fields": {"pago": 1, "tipo_accion": "CREACION", "estado_anterior": null, "estado_nuevo": "COMPLETADO", "monto_anterior": null, "monto_nuevo": "1000000.00", "notas": "", "realizado_por": ["kreasoft@gmail.com"], "fecha_accion": "2025-06-18T15:25:48.913Z"}}, {"model": "pagos_tratamientos.historialpago", "pk": 2, "fields": {"pago": 1, "tipo_accion": "MODIFICACION", "estado_anterior": "COMPLETADO", "estado_nuevo": "COMPLETADO", "monto_anterior": "1000000.00", "monto_nuevo": "1000000.00", "notas": "Forma de pago anterior: EFECTIVO, Nueva forma de pago: EFECTIVO", "realizado_por": ["kreasoft@gmail.com"], "fecha_accion": "2025-06-19T02:45:50.347Z"}}, {"model": "pagos_tratamientos.historialpago", "pk": 3, "fields": {"pago": 1, "tipo_accion": "MODIFICACION", "estado_anterior": "COMPLETADO", "estado_nuevo": "COMPLETADO", "monto_anterior": "1000000.00", "monto_nuevo": "1000000.00", "notas": "Forma de pago anterior: EFECTIVO, Nueva forma de pago: EFECTIVO", "realizado_por": ["kreasoft@gmail.com"], "fecha_accion": "2025-06-19T02:55:06.702Z"}}, {"model": "pagos_tratamientos.pagotratamiento", "pk": 1, "fields": {"tratamiento": 1, "forma_pago": 1, "monto": "1000000.00", "fecha_pago": "2025-06-18T15:25:48.880Z", "comprobante": "310", "estado": "COMPLETADO", "notas": "", "creado_por": ["kreasoft@gmail.com"], "fecha_creacion": "2025-06-18T15:25:48.883Z", "fecha_actualizacion": "2025-06-19T02:55:06.679Z"}}, {"model": "tratamientos.tratamiento", "pk": 1, "fields": {"paciente": 1, "profesional": 1, "fecha_inicio": "2025-06-16", "fecha_fin": "2025-06-16", "estado": "PENDIENTE", "observaciones": "colocacion de brackets", "costo_total": "1200000.00", "pagado": false, "creado_por": ["kreasoft@gmail.com"], "fecha_creacion": "2025-06-17T01:20:55.642Z", "fecha_actualizacion": "2025-06-17T01:20:55.653Z"}}, {"model": "profesionales.profesional", "pk": 1, "fields": {"rut": "12345678-9", "nombres": "JUAN", "apellido_paterno": "P╔REZ", "apellido_materno": "GONZ┴LEZ", "fecha_nacimiento": "1980-01-01", "genero": "M", "telefono": "+56912345678", "email": "juan.perez@kreadental.cl", "direccion": "LOS TULIPANES 0199", "especialidad": 1, "usuario": null, "empresa": 1, "activo": true, "fecha_creacion": "2025-06-15T04:57:30.840Z", "fecha_actualizacion": "2025-06-17T00:15:22.770Z", "compartir_entre_sucursales": false, "empresas_compartidas": []}}, {"model": "profesionales.profesional", "pk": 2, "fields": {"rut": "23456789-0", "nombres": "MAR═A", "apellido_paterno": "RODR═GUEZ", "apellido_materno": "SOTO", "fecha_nacimiento": "2025-06-16", "genero": "M", "telefono": "+56923456789", "email": "maria.rodriguez@kreadental.cl", "direccion": null, "especialidad": 2, "usuario": null, "empresa": 1, "activo": true, "fecha_creacion": "2025-06-17T00:15:22.787Z", "fecha_actualizacion": "2025-06-17T00:15:22.787Z", "compartir_entre_sucursales": false, "empresas_compartidas": []}}, {"model": "profesionales.profesional", "pk": 3, "fields": {"rut": "34567890-1", "nombres": "CARLOS", "apellido_paterno": "MUÐOZ", "apellido_materno": "VARGAS", "fecha_nacimiento": "2025-06-16", "genero": "M", "telefono": "+56934567890", "email": "carlos.munoz@kreadental.cl", "direccion": null, "especialidad": 3, "usuario": null, "empresa": 1, "activo": true, "fecha_creacion": "2025-06-17T00:15:22.800Z", "fecha_actualizacion": "2025-06-17T00:15:22.800Z", "compartir_entre_sucursales": false, "empresas_compartidas": []}}, {"model": "profesionales.profesional", "pk": 4, "fields": {"rut": "78901234-5", "nombres": "PATRICIA", "apellido_paterno": "GONZ┴LEZ", "apellido_materno": "M╔NDEZ", "fecha_nacimiento": "2025-06-16", "genero": "M", "telefono": "+56978901234", "email": "patricia.gonzalez@kreadental.cl", "direccion": null, "especialidad": 4, "usuario": null, "empresa": 1, "activo": true, "fecha_creacion": "2025-06-17T00:15:22.840Z", "fecha_actualizacion": "2025-06-17T00:15:22.840Z", "compartir_entre_sucursales": false, "empresas_compartidas": []}}, {"model": "profesionales.profesional", "pk": 5, "fields": {"rut": "89012345-6", "nombres": "ROBERTO", "apellido_paterno": "SILVA", "apellido_materno": "CASTRO", "fecha_nacimiento": "2025-06-16", "genero": "M", "telefono": "+56989012345", "email": "roberto.silva@kreadental.cl", "direccion": null, "especialidad": 5, "usuario": null, "empresa": 1, "activo": true, "fecha_creacion": "2025-06-17T00:15:22.858Z", "fecha_actualizacion": "2025-06-17T00:15:22.858Z", "compartir_entre_sucursales": false, "empresas_compartidas": []}}]
